{
  "GET Categoria" : {
    "transaction" : "GET Categoria",
    "sampleCount" : 10,
    "errorCount" : 10,
    "errorPct" : 100.0,
    "meanResTime" : 4.199999999999999,
    "medianResTime" : 3.5,
    "minResTime" : 2.0,
    "maxResTime" : 9.0,
    "pct1ResTime" : 8.700000000000001,
    "pct2ResTime" : 9.0,
    "pct3ResTime" : 9.0,
    "throughput" : 1.1328877308258753,
    "receivedKBytesPerSec" : 1.080889954118047,
    "sentKBytesPerSec" : 0.20467209980740908
  },
  "T01_Login" : {
    "transaction" : "T01_Login",
    "sampleCount" : 10,
    "errorCount" : 10,
    "errorPct" : 100.0,
    "meanResTime" : 64.7,
    "medianResTime" : 45.0,
    "minResTime" : 32.0,
    "maxResTime" : 191.0,
    "pct1ResTime" : 181.00000000000003,
    "pct2ResTime" : 191.0,
    "pct3ResTime" : 191.0,
    "throughput" : 1.1057054400707653,
    "receivedKBytesPerSec" : 14.86547538423264,
    "sentKBytesPerSec" : 0.5021025680008845
  },
  "GET Login Page" : {
    "transaction" : "GET Login Page",
    "sampleCount" : 10,
    "errorCount" : 10,
    "errorPct" : 100.0,
    "meanResTime" : 40.9,
    "medianResTime" : 31.0,
    "minResTime" : 20.0,
    "maxResTime" : 117.0,
    "pct1ResTime" : 110.90000000000002,
    "pct2ResTime" : 117.0,
    "pct3ResTime" : 117.0,
    "throughput" : 1.1160714285714286,
    "receivedKBytesPerSec" : 7.487705775669642,
    "sentKBytesPerSec" : 0.22125244140624997
  },
  "GET Home" : {
    "transaction" : "GET Home",
    "sampleCount" : 10,
    "errorCount" : 10,
    "errorPct" : 100.0,
    "meanResTime" : 19.2,
    "medianResTime" : 18.5,
    "minResTime" : 14.0,
    "maxResTime" : 32.0,
    "pct1ResTime" : 31.000000000000004,
    "pct2ResTime" : 32.0,
    "pct3ResTime" : 32.0,
    "throughput" : 1.1316057485572026,
    "receivedKBytesPerSec" : 7.5919252857304516,
    "sentKBytesPerSec" : 0.21880658028742786
  },
  "T02_Navegar_e_Comprar" : {
    "transaction" : "T02_Navegar_e_Comprar",
    "sampleCount" : 10,
    "errorCount" : 10,
    "errorPct" : 100.0,
    "meanResTime" : 32.3,
    "medianResTime" : 31.5,
    "minResTime" : 23.0,
    "maxResTime" : 45.0,
    "pct1ResTime" : 44.8,
    "pct2ResTime" : 45.0,
    "pct3ResTime" : 45.0,
    "throughput" : 1.1299435028248588,
    "receivedKBytesPerSec" : 16.859772245762713,
    "sentKBytesPerSec" : 0.9302171610169492
  },
  "GET Produto" : {
    "transaction" : "GET Produto",
    "sampleCount" : 10,
    "errorCount" : 10,
    "errorPct" : 100.0,
    "meanResTime" : 3.3,
    "medianResTime" : 3.0,
    "minResTime" : 1.0,
    "maxResTime" : 7.0,
    "pct1ResTime" : 6.800000000000001,
    "pct2ResTime" : 7.0,
    "pct3ResTime" : 7.0,
    "throughput" : 1.1332728921124207,
    "receivedKBytesPerSec" : 1.0823641489120581,
    "sentKBytesPerSec" : 0.20584839641885766
  },
  "Total" : {
    "transaction" : "Total",
    "sampleCount" : 60,
    "errorCount" : 60,
    "errorPct" : 100.0,
    "meanResTime" : 16.16666666666666,
    "medianResTime" : 11.0,
    "minResTime" : 1.0,
    "maxResTime" : 117.0,
    "pct1ResTime" : 32.0,
    "pct2ResTime" : 55.74999999999998,
    "pct3ResTime" : 117.0,
    "throughput" : 5.190311418685121,
    "receivedKBytesPerSec" : 24.537399978373703,
    "sentKBytesPerSec" : 1.104968641868512
  },
  "POST Login Action" : {
    "transaction" : "POST Login Action",
    "sampleCount" : 10,
    "errorCount" : 10,
    "errorPct" : 100.0,
    "meanResTime" : 23.8,
    "medianResTime" : 14.0,
    "minResTime" : 11.0,
    "maxResTime" : 74.0,
    "pct1ResTime" : 70.10000000000002,
    "pct2ResTime" : 74.0,
    "pct3ResTime" : 74.0,
    "throughput" : 1.1261261261261262,
    "receivedKBytesPerSec" : 7.584855363175675,
    "sentKBytesPerSec" : 0.2881299268018018
  },
  "POST Add to Cart" : {
    "transaction" : "POST Add to Cart",
    "sampleCount" : 10,
    "errorCount" : 10,
    "errorPct" : 100.0,
    "meanResTime" : 5.600000000000001,
    "medianResTime" : 5.0,
    "minResTime" : 2.0,
    "maxResTime" : 11.0,
    "pct1ResTime" : 10.600000000000001,
    "pct2ResTime" : 11.0,
    "pct3ResTime" : 11.0,
    "throughput" : 1.13314447592068,
    "receivedKBytesPerSec" : 7.14190864022663,
    "sentKBytesPerSec" : 0.3032046742209632
  }
}