{
  "Total" : {
    "transaction" : "Total",
    "sampleCount" : 286,
    "errorCount" : 0,
    "errorPct" : 0.0,
    "meanResTime" : 21.472027972027966,
    "medianResTime" : 16.5,
    "minResTime" : 8.0,
    "maxResTime" : 138.0,
    "pct1ResTime" : 38.60000000000002,
    "pct2ResTime" : 47.64999999999998,
    "pct3ResTime" : 124.25999999999999,
    "throughput" : 9.90064735001904,
    "receivedKBytesPerSec" : 88.15830325925157,
    "sentKBytesPerSec" : 1.5566447493682278
  },
  "Acessar Página Inicial" : {
    "transaction" : "Acessar Página Inicial",
    "sampleCount" : 286,
    "errorCount" : 0,
    "errorPct" : 0.0,
    "meanResTime" : 21.472027972027966,
    "medianResTime" : 16.5,
    "minResTime" : 8.0,
    "maxResTime" : 138.0,
    "pct1ResTime" : 38.60000000000002,
    "pct2ResTime" : 47.64999999999998,
    "pct3ResTime" : 124.25999999999999,
    "throughput" : 9.90064735001904,
    "receivedKBytesPerSec" : 88.15830325925157,
    "sentKBytesPerSec" : 1.5566447493682278
  }
}